{"cameraMode":{"drawMode":0,"name":"Shaded","section":"Shading Mode"},"sceneLighting":false,"audioPlay":false,"sceneViewState":{"showFog":true,"showMaterialUpdate":false,"showSkybox":true,"showFlares":true,"showImageEffects":true,"showParticleSystems":true},"in2DMode":false,"pivot":{"x":1.9307185411453248,"y":0.9880262613296509,"z":5.10176944732666},"rotation":{"x":0.0152914859354496,"y":-0.9783384799957275,"z":0.078244648873806,"w":0.19104409217834474},"size":4.041658401489258,"orthographic":false}