{"cameraMode":{"drawMode":0,"name":"Shaded","section":"Shading Mode"},"sceneLighting":false,"audioPlay":false,"sceneViewState":{"showFog":true,"showMaterialUpdate":false,"showSkybox":true,"showFlares":true,"showImageEffects":true,"showParticleSystems":true},"in2DMode":false,"pivot":{"x":4.76837158203125e-7,"y":1.9171316623687745,"z":-0.07497048377990723},"rotation":{"x":0.015004903078079224,"y":-0.9784547686576843,"z":0.07677705585956574,"w":0.19106681644916535},"size":9.953076362609864,"orthographic":false}