{"cameraMode":{"drawMode":0,"name":"Shaded","section":"Shading Mode"},"sceneLighting":true,"audioPlay":false,"sceneViewState":{"showFog":true,"showMaterialUpdate":false,"showSkybox":true,"showFlares":true,"showImageEffects":true,"showParticleSystems":true},"in2DMode":false,"pivot":{"x":-3.3490867614746095,"y":0.38808631896972659,"z":10.89157485961914},"rotation":{"x":0.17540672421455384,"y":-0.7028860449790955,"z":0.1857028752565384,"w":0.6638510227203369},"size":29.883441925048829,"orthographic":false}